{
  "formatVersion": 1,
  "nodes": [
    {
      "id": "0",
      "name": "Skybox",
      "children": [],
      "components": [
        {
          "type": "ModelRenderer",
          "config": {
            "formatVersion": 1,
            "modelAssetId": "6",
            "animationId": null,
            "castShadow": false,
            "receiveShadow": false,
            "color": "ffffff",
            "overrideOpacity": false,
            "opacity": null,
            "materialType": "basic",
            "shaderAssetId": null
          },
          "id": "0"
        }
      ],
      "position": {
        "x": 0,
        "y": 0,
        "z": 0
      },
      "orientation": {
        "x": 0,
        "y": 0,
        "z": 0,
        "w": 1
      },
      "scale": {
        "x": 1.5,
        "y": 1.5,
        "z": 1.5
      },
      "visible": true,
      "layer": 0,
      "prefab": null
    },
    {
      "id": "1",
      "name": "Terrain",
      "children": [],
      "components": [
        {
          "type": "Behavior",
          "config": {
            "behaviorName": "TerrainBehavior",
            "propertyValues": {}
          },
          "id": "0"
        }
      ],
      "position": {
        "x": 0,
        "y": 0,
        "z": 0
      },
      "orientation": {
        "x": 0,
        "y": 0,
        "z": 0,
        "w": 1
      },
      "scale": {
        "x": 1,
        "y": 1,
        "z": 1
      },
      "visible": true,
      "layer": 0,
      "prefab": null
    },
    {
      "id": "2",
      "name": "Camera",
      "children": [],
      "components": [
        {
          "type": "Camera",
          "config": {
            "formatVersion": 1,
            "mode": "perspective",
            "fov": 45,
            "orthographicScale": 10,
            "viewport": {
              "x": 0,
              "y": 0,
              "width": 1,
              "height": 1
            },
            "depth": 0,
            "nearClippingPlane": 0.1,
            "farClippingPlane": 1000
          },
          "id": "0"
        },
        {
          "type": "Behavior",
          "config": {
            "behaviorName": "CameraBehavior",
            "propertyValues": {}
          },
          "id": "1"
        }
      ],
      "position": {
        "x": 0,
        "y": 7,
        "z": 14.595
      },
      "orientation": {
        "x": -0.24965045949136774,
        "y": 0,
        "z": 0,
        "w": 0.9683360168914467
      },
      "scale": {
        "x": 1,
        "y": 1,
        "z": 1
      },
      "visible": true,
      "layer": 0,
      "prefab": null
    },
    {
      "id": "3",
      "name": "Sun",
      "children": [],
      "components": [
        {
          "type": "Light",
          "config": {
            "formatVersion": 1,
            "type": "directional",
            "color": "f7a428",
            "intensity": 1,
            "distance": 0,
            "angle": 60,
            "target": {
              "x": 0,
              "y": 0,
              "z": 0
            },
            "castShadow": true,
            "shadowMapSize": {
              "width": 512,
              "height": 512
            },
            "shadowBias": 0.000001,
            "shadowDarkness": 0.5,
            "shadowCameraNearPlane": 0.1,
            "shadowCameraFarPlane": 1000,
            "shadowCameraFov": 50,
            "shadowCameraSize": {
              "top": 20,
              "bottom": -20,
              "left": -20,
              "right": 20
            }
          },
          "id": "0"
        }
      ],
      "position": {
        "x": 10,
        "y": 10,
        "z": 10
      },
      "orientation": {
        "x": 0,
        "y": 0,
        "z": 0,
        "w": 1
      },
      "scale": {
        "x": 1,
        "y": 1,
        "z": 1
      },
      "visible": true,
      "layer": 0,
      "prefab": null
    },
    {
      "id": "5",
      "name": "Skylight",
      "children": [],
      "components": [
        {
          "type": "Light",
          "config": {
            "formatVersion": 1,
            "type": "ambient",
            "color": "56b0fa",
            "intensity": 1,
            "distance": 0,
            "angle": 60,
            "target": {
              "x": 0,
              "y": 0,
              "z": 0
            },
            "castShadow": false,
            "shadowMapSize": {
              "width": 512,
              "height": 512
            },
            "shadowBias": 0,
            "shadowDarkness": 0.5,
            "shadowCameraNearPlane": 0.1,
            "shadowCameraFarPlane": 1000,
            "shadowCameraFov": 50,
            "shadowCameraSize": {
              "top": 100,
              "bottom": -100,
              "left": -100,
              "right": 100
            }
          },
          "id": "0"
        }
      ],
      "position": {
        "x": 0,
        "y": 10,
        "z": 0
      },
      "orientation": {
        "x": 0,
        "y": 0,
        "z": 0,
        "w": 1
      },
      "scale": {
        "x": 1,
        "y": 1,
        "z": 1
      },
      "visible": true,
      "layer": 0,
      "prefab": null
    }
  ]
}