{
  "behaviors": {
    "TerrainBehavior": {
      "scriptId": "8",
      "line": 9,
      "parentBehavior": null,
      "properties": [
        {
          "name": "width",
          "type": "number"
        },
        {
          "name": "length",
          "type": "number"
        },
        {
          "name": "maxHeight",
          "type": "number"
        }
      ]
    },
    "CameraBehavior": {
      "scriptId": "10",
      "line": 1,
      "parentBehavior": null,
      "properties": [
        {
          "name": "radius",
          "type": "number"
        }
      ]
    }
  }
}