{
  "formatVersion": 1,
  "nodes": [
    {
      "id": "0",
      "name": "Block",
      "children": [],
      "components": [
        {
          "type": "ModelRenderer",
          "config": {
            "formatVersion": 1,
            "modelAssetId": "1",
            "animationId": null,
            "castShadow": true,
            "receiveShadow": true,
            "color": "ffffff",
            "overrideOpacity": false,
            "opacity": null,
            "materialType": "phong",
            "shaderAssetId": null
          },
          "id": "0"
        }
      ],
      "position": {
        "x": 0,
        "y": 0,
        "z": 0
      },
      "orientation": {
        "x": 0,
        "y": 0,
        "z": 0,
        "w": 1
      },
      "scale": {
        "x": 1,
        "y": 1,
        "z": 1
      },
      "visible": true,
      "layer": 0,
      "prefab": null
    }
  ]
}