{
  "nextEntryId": 15,
  "nodes": [
    {
      "id": "5",
      "name": "Scene",
      "type": "scene"
    },
    {
      "id": "8",
      "name": "Terrain",
      "type": "script"
    },
    {
      "id": "10",
      "name": "Camera",
      "type": "script"
    },
    {
      "id": "6",
      "name": "Skybox",
      "type": "model"
    },
    {
      "id": "0",
      "name": "Blocks",
      "type": null,
      "children": [
        {
          "id": "7",
          "name": "Prefab",
          "type": "scene"
        },
        {
          "id": "1",
          "name": "Grass",
          "type": "model"
        },
        {
          "id": "2",
          "name": "Dirt",
          "type": "model"
        },
        {
          "id": "3",
          "name": "Stone",
          "type": "model"
        },
        {
          "id": "4",
          "name": "Diamond",
          "type": "model"
        }
      ]
    },
    {
      "id": "11",
      "name": "Sounds",
      "type": null,
      "children": [
        {
          "id": "12",
          "name": "Pop",
          "type": "sound"
        },
        {
          "id": "13",
          "name": "Yay",
          "type": "sound"
        }
      ]
    }
  ]
}